{
  "has_monthly_seasonality": "True",
  "has_weekly_seasonality": "True",
  "monthly_cv": 0.2343690100869551,
  "weekly_cv": 0.1416427101974475,
  "monthly_pattern": {
    "1": 227.99354838709678,
    "2": 301.151724137931,
    "3": 368.14666666666665
  },
  "weekly_pattern": {
    "0": 271.0923076923077,
    "1": 270.4769230769231,
    "2": 274.3076923076923,
    "3": 276.55384615384617,
    "4": 278.67692307692306,
    "5": 363.5846153846154,
    "6": 357.8833333333333
  }
}